,country,weight,height
0,Japan,56.26130223380983,136.4994655797082
1,Australia,78.71682168833621,152.7393849194138
2,Japan,53.53827215484604,154.88562877315104
3,USA,87.64445269448385,172.16485828220783
4,USA,95.67132639949821,175.52514587795224
5,USA,74.71250557498962,168.72756298376456
6,USA,84.95526928872269,166.10272148360386
7,Japan,56.604395610406456,179.96809103295408
8,USA,96.16634684404981,187.56213435498
9,USA,86.58874333778094,167.4545310323679
10,Japan,56.15679854753973,156.31936233987756
11,Australia,84.95897677432792,155.80533946473594
12,USA,72.42399692384937,176.55105879368267
13,Japan,60.08662539962124,157.9464605824097
14,Japan,64.57372118994667,133.67274666299107
15,USA,84.11646086700604,198.67559734376243
16,Australia,90.38485226909187,156.4824694498871
17,Japan,59.24944634710143,150.78068522802224
18,Australia,110.78927048017545,172.18820709330004
19,Australia,97.80201138280964,180.95811808518968
20,Japan,52.551615960536225,141.99256208339176
21,Japan,64.28421261352649,168.89210794480886
22,Australia,99.83358676301704,170.95926426350735
23,USA,75.20992312727837,170.9069844362496
24,USA,89.35351658320432,181.89229310341915
25,Japan,59.597640666567955,140.7990572464016
26,Japan,56.308845179730874,151.8821235833638
27,Australia,81.63023544707886,158.53620938062176
28,USA,79.77453911293962,160.14084441610015
29,Japan,65.00752501271879,155.03457918472503
30,Australia,78.2578579855511,171.21414178488453
31,Australia,82.88989959946075,177.62178842399732
32,Japan,55.8536811382124,152.46033646047997
33,Japan,64.59324670889022,157.66124989223758
34,Japan,62.35531718406426,146.6075576265016
35,Australia,70.9288994017167,148.33429354327856
36,Australia,103.23362911664115,160.7814458070688
37,Japan,60.52305086171711,168.10115363528212
38,USA,86.81222069491999,208.09214646256297
39,Australia,101.1033993935817,150.9411169736147
40,Japan,57.51074756722618,142.49525380139514
41,Australia,86.39305886460215,169.1564721431581
42,Japan,62.770830928923125,147.43868092271708
43,USA,94.05200427212742,176.7930284143137
44,USA,96.78427034109997,200.95910664536112
45,USA,66.40669449500324,176.70946122431096
46,USA,68.91131574259884,188.12070820213856
47,USA,86.3719773020935,190.61630508320133
48,USA,91.45114856790876,174.2598595240818
49,Japan,56.77479766425461,146.80840520054434
50,Japan,53.80876391568651,160.17515901067864
51,Australia,77.43409526372703,173.50170180624147
52,Australia,69.77022429860385,148.12774380118913
53,Japan,58.21879372070293,151.0566731437908
54,USA,77.13950950162554,165.04071564862215
55,Australia,101.42095541648412,169.1581625135009
56,USA,101.14629709665081,171.02032827363223
57,Japan,54.133128763826626,153.9140006797974
58,USA,102.14028312487795,188.56613395163996
59,Australia,82.08907292149343,155.75242374835238
60,Japan,65.49695901323197,160.0657100564207
61,Australia,79.97846081839796,169.89934438653802
62,Australia,80.14161389503833,180.05450881816705
63,Australia,87.72335376831312,167.24452379676396
64,Japan,55.4993002195435,159.61753799923636
65,Japan,53.891700015640296,153.92197206067107
66,Australia,79.33276663385713,162.42560124009708
67,USA,89.34631079190933,175.82567525799632
68,Australia,90.97135037292708,168.35015245072665
69,Japan,62.86076308642816,139.80599002927696
70,Japan,66.61297572145664,166.83913951047322
71,USA,101.53602393500803,163.85809125596268
72,Australia,97.8400141202406,170.21927097850954
73,Japan,58.11655353005133,144.63169397507235
74,Australia,82.35778797411172,165.0370507531732
75,USA,103.67410763952202,175.8813748155342
76,USA,77.69700069989199,172.15103333398238
77,Australia,80.745877050782,147.0861429037386
78,Australia,102.99201956758748,158.15131997707567
79,USA,96.46635588096363,177.10988465577836
80,USA,94.97295193409622,193.29089916847417
81,Australia,83.34771706407042,155.17556115553793
82,USA,82.29440127819686,174.89587230966399
83,Australia,93.21324723147129,163.70851057276104
84,Australia,82.8139164758011,162.2354945903237
85,Australia,99.42751390149036,145.6156286109751
86,USA,90.70210211632794,190.69642991037432
87,USA,92.58035251000425,174.12638075618145
88,USA,86.14656456566551,171.9208490695783
89,USA,93.65760809394064,184.84801840907497
90,Australia,90.65268377117192,166.99483604720774
91,USA,90.32291206616135,176.0012283896284
92,Australia,72.89099661759937,162.13795849742147
93,Japan,67.58487515005099,147.1403234185393
94,USA,111.07208141924347,183.6926398845418
95,Japan,63.034609253515846,150.5566008688278
96,Japan,55.79970975091126,158.28181224421593
97,Japan,55.09998958242817,172.15670158129728
98,Australia,89.47545474974852,166.91468678773697
99,Japan,64.74665099577798,135.88698843300858
100,Japan,60.200266428950066,140.87169675956258
101,Japan,60.19783687732381,157.64670995586084
102,USA,90.84848204158989,185.85440711196196
103,Australia,84.21761682032111,177.22059168536862
104,Australia,84.41828261800975,151.09180733321716
105,USA,85.92674297511493,182.54247530943474
106,Australia,94.11035152848376,187.1577943061623
107,Japan,68.82609246709875,147.26343440398819
108,Australia,97.87148393669604,175.75108382733092
109,USA,85.65148757982122,177.82252515980286
110,USA,81.14491713093278,192.9039738520825
111,Australia,100.49525140803436,163.96229880598494
112,USA,92.71328454840108,174.7301070899007
113,USA,96.11110458007614,183.55403981029423
114,USA,93.48499384136028,179.32787611688266
115,USA,94.87276751363953,169.68493530624173
116,Japan,65.50082547815005,139.39697667698007
117,Australia,98.96781061272345,158.17596036507044
118,USA,100.4578930509704,166.82946795072843
119,USA,108.28001318707423,184.98994963346672
120,Australia,82.66914341835506,170.7335328828018
121,Australia,73.3636116193878,149.94805034473578
122,Australia,91.79876729860173,180.98051306003174
123,USA,103.30822554579221,186.89464876489498
124,Japan,62.82537828294039,138.44619589147368
125,USA,98.11554236308002,186.2087343143111
126,Japan,58.174431946327836,157.96557401476102
127,Japan,58.33273010533861,145.37781930878975
128,USA,105.26369002798577,184.37310685325156
129,Japan,63.25338138781933,152.22796385216887
130,Japan,62.34236298042911,145.169999795506
131,Japan,54.533173074221224,163.91343711331214
132,Australia,68.7288838516063,156.99240433700916
133,Japan,66.28078980347516,151.71690517900626
134,Japan,53.61937810080032,144.52600937547544
135,Australia,86.56713006644486,164.8888831009452
136,Australia,67.96644897272466,164.9646884312236
137,Australia,92.96470349331746,175.40803008277646
138,Australia,72.11951345222981,176.0572998090118
139,Japan,65.00194775104336,151.95446775723826
140,Japan,58.23726754173258,136.87639230505047
141,Japan,63.584018273798996,157.47231862242998
142,Australia,67.04364624765037,167.73848737674643
143,USA,95.68350021487691,168.04001531722625
144,Japan,60.83560578741927,155.40240176650457
145,USA,94.69107167766714,183.81162152551067
146,Japan,62.74194363524572,130.71804976403735
147,Australia,84.54548200501486,150.68313655570324
148,USA,106.06275941735763,184.11982452358504
149,USA,82.17886489578035,177.28205774680728
150,USA,89.4803824483009,168.18436587383965
151,USA,107.62813345076133,182.62929903638388
152,USA,80.22870686596825,180.47534521510008
153,USA,94.84949035664107,157.67887944004718
154,USA,85.13791749684542,167.51580418119985
155,Japan,65.3164418679567,151.9416423585212
156,USA,81.93735961423101,170.95794840102803
157,USA,93.64778694052866,179.0546233004839
158,USA,95.05404664038304,194.65374597640766
159,Australia,68.92585697905787,151.92223728401956
160,USA,86.33747573405545,174.9838013540364
161,Australia,93.47676082989346,169.25977631125693
162,USA,94.16876661526598,176.6043342355755
163,Japan,63.04460711332489,154.03527654929317
164,Japan,55.45949955517163,151.19977116454197
165,Australia,88.03599331078141,157.77235198362885
166,USA,90.30942487635446,184.21184143061433
167,USA,97.87399666045505,181.22928101120078
168,USA,86.95415067134792,177.51529732109083
169,Australia,101.39403351887587,173.86940866093627
170,USA,78.31069581394617,182.1668803393876
171,Japan,66.80310973112914,129.97761469491988
172,USA,88.99360186244512,182.90010921882492
173,Australia,92.67647378460327,155.38279662195535
174,Japan,59.5753349244354,131.62129128666646
175,Australia,82.14878124284625,157.76318910507678
176,Australia,80.98770087489079,168.387333630302
177,Japan,64.5533881586687,144.111721024481
178,Australia,85.13454707172627,172.349061890763
179,Japan,68.04913282648619,142.20684558069314
180,USA,85.6264355177324,168.98622421180522
181,Australia,91.44167605766386,161.5969945250535
182,Australia,99.55115945479639,172.11495877692954
183,Japan,51.5042130192565,162.77083418197185
184,Japan,62.6935836851081,152.03722331304917
185,Australia,73.12521103259951,165.03719925953334
186,Japan,56.78739044582017,152.35018333147292
187,USA,79.75750829485911,168.39245484625823
188,USA,82.32655660511742,173.2256725996833
189,USA,95.3298036399571,188.79210265894326
190,Australia,84.41507611556169,192.54392105957015
191,Japan,59.56641106086946,144.97670011162614
192,Japan,60.88083124873646,158.76031359202767
193,Japan,62.30627839744616,138.34611609161206
194,Japan,57.63578255431286,164.467729344904
195,Australia,88.17959739116858,168.25922297163203
196,USA,97.21617250544395,196.38367967631203
197,Australia,86.5745223932554,163.06482106032985
198,Australia,81.1254565014152,158.68698366347323
199,USA,82.21068609864955,176.10747550674117
200,Japan,51.832887118994535,149.17500075151676
201,Australia,93.86027848733376,155.55090080231528
202,Australia,90.04710801777696,147.6389691960055
203,Japan,65.25477075742408,151.12463741762926
204,USA,82.52096496678745,166.58103311328952
205,Japan,62.444168430814734,153.00510368088345
206,Japan,62.46863228886764,159.2758984617618
207,Australia,86.52838058149504,151.2442694504772
208,Australia,82.05864761523276,168.26034554649246
209,Japan,63.912441564156595,165.1677441425089
210,Australia,83.29194908288262,165.21787858234146
211,Australia,82.5445395342043,160.9231320385369
212,Australia,105.13576260955743,146.45476409373777
213,Japan,64.36589518689316,159.30333692971894
214,USA,92.32358382111309,186.35313626089055
215,USA,86.32155140101929,177.28065182866982
216,USA,86.76104869870154,177.74695441975558
217,Japan,54.50445501401703,168.68661894393776
218,USA,89.36855070413473,201.1977873307474
219,USA,66.10508811541698,181.88488826994805
220,USA,99.43504346072581,178.6636153841431
221,Japan,61.77898822362909,155.6593895138905
222,USA,62.903352573396226,180.41731657574897
223,USA,84.9989822348435,169.90941669057275
224,USA,94.40063177462044,188.43385800231815
225,Japan,63.92136170697395,151.84245457770538
226,Japan,57.5880674720232,155.75481245985824
227,Japan,48.887202919433896,142.4627760080822
228,Japan,66.27779346803115,143.9277454291935
229,USA,80.70355501299619,186.36004631240172
230,USA,85.20043775852548,167.98083855437332
231,USA,98.26573590971792,184.15544890193428
232,Australia,78.17298548887426,167.98148142994626
233,USA,103.61854161295545,181.26530924685994
234,USA,93.66681216273457,196.84676037911493
235,Japan,63.77001200932881,134.60381210532142
236,Australia,88.70455807027042,153.11765212092607
237,Australia,81.80956626320713,191.2228833798383
238,USA,108.10716550762584,171.21522568782115
239,USA,94.60485852087196,169.20776586299897
240,Japan,54.14123418220048,140.9364727490667
241,Japan,67.14693254611774,167.59176165141145
242,USA,99.3511099722788,182.8724514785651
243,Japan,61.125981802955664,156.4463135007909
244,Japan,59.09087661336023,158.22261985295208
245,USA,80.27384646714476,181.3918805806266
246,USA,96.52871569805393,175.67583743193572
247,Japan,71.9855320080427,170.0950496163771
248,USA,73.80117457005744,176.88753177128893
249,USA,105.22974204758152,187.19926730075716
250,Japan,62.38052506773814,161.58426717575304
251,Australia,85.54417790427875,164.0848829156401
252,Australia,86.81479030862437,154.9353611530023
253,USA,74.21817351008438,199.0949144650775
254,Japan,58.751252533382186,140.24737070161726
255,Japan,54.935752260082346,172.81849651438523
256,Australia,75.32414899346549,150.99416381468612
257,Australia,95.60172835211816,159.99370799504294
258,Japan,62.312362735468,156.78897939266014
259,Australia,80.97742928861324,154.59411898738364
260,Japan,63.852940543691815,164.04570548572678
261,USA,72.39137585798372,178.71009298792097
262,Australia,73.3500721076458,169.50223571332646
263,Japan,65.55522076140767,136.37186216027567
264,Japan,52.23578614791258,164.26520412232608
265,USA,73.20336466209471,182.88479557783523
266,USA,92.45451336217002,176.75279299356527
267,USA,89.11872973423468,179.42687507787755
268,USA,79.22059231922532,179.52358185063994
269,Australia,75.12419929553828,149.2152344322834
270,USA,102.06429962115871,175.0704614737795
271,Australia,97.10489471285743,171.7755042261277
272,Japan,54.49928178533765,150.88966491678516
273,Japan,48.557922223899304,153.82372960527098
274,Japan,57.638243685103255,155.54932313764067
275,Japan,58.39229729256433,152.09180625176816
276,Australia,81.53469611555889,167.31702511877688
277,Australia,88.37773093418912,177.04407524275666
278,Australia,76.28915497607218,171.4172713102241
279,Australia,100.43140082010957,164.88828842668818
280,USA,96.23668499996606,162.858969745196
281,USA,87.96174931035955,190.63260309123123
282,Japan,58.183790421436186,143.2638944611706
283,Japan,68.07806332195075,154.67196407818687
284,Japan,60.07323324290156,152.7426870657274
285,USA,93.09044271252557,159.32848834598227
286,Australia,81.99879880297294,170.0285479105339
287,USA,89.57943784973419,177.4595957596692
288,Japan,53.79656398865961,157.61911980240515
289,Japan,66.8125234141766,150.4192430776745
290,USA,85.26871226926325,168.9220314241012
291,USA,91.39810195743604,171.74968479274384
292,USA,80.86301711607123,166.16543027596958
293,Japan,67.23048165240182,135.94425640452914
294,Japan,60.234516855472314,144.72759468737556
295,Japan,49.46430171495537,166.5758243223416
296,Japan,59.154035477382436,145.38926241887037
297,Australia,97.15682029714351,179.93253937179384
298,USA,84.04808997094369,183.26458207895305
299,Australia,84.58791348804195,155.10547373233277
300,Japan,58.422768164483735,172.56590479644697
301,Japan,62.226112243531986,153.05669434762237
302,Japan,59.35598365088181,151.86034230044552
303,USA,103.81679917568444,170.835154175638
304,Australia,87.38739741229055,160.32108548201063
305,Australia,75.2873396117828,153.7258872343059
306,USA,71.9533442770003,188.60934773574806
307,Japan,62.05267133825666,149.78194379668824
308,Australia,95.47661148930752,161.54394326161983
309,Japan,56.44757179594065,133.52117601587798
310,Australia,69.32764567306218,172.24829632458815
311,Australia,96.36822378750102,175.82085744222448
312,Australia,72.3877200127317,177.4250396188425
313,Japan,53.29711558351167,147.05378659310028
314,Japan,58.85433391269616,144.6070768969623
315,Australia,69.0369586837137,157.05071984188925
316,USA,89.32911891737078,177.42155938578443
317,Japan,63.04043617672056,151.77064168191853
318,Australia,64.92466325377445,182.38944911474755
319,Australia,88.90250828704758,151.67879611877464
320,USA,94.79343144710411,169.12882589564134
321,Japan,61.58575405275141,152.8417206328651
322,Australia,91.6873923857197,156.08361680793624
323,USA,101.80022164154991,193.03488932931543
324,Australia,89.45782501375378,168.13014707234078
325,USA,79.431686253784,176.02207942784582
326,Japan,61.221149763395054,156.48931657851455
327,USA,73.04152215486411,191.84436938276446
328,Australia,90.11164863354192,166.35025728471305
329,USA,81.05493116508501,185.60527627723758
330,Japan,55.20579217749564,164.80746165421553
331,USA,91.3600326774934,185.3874425923289
332,USA,92.03902530090471,193.11010127675928
333,Australia,59.36564377371862,155.4502155867238
334,Australia,79.88987070689858,136.84883761270802
335,Australia,80.272168828564,147.2212691721565
336,Australia,83.19124072681302,162.42459578477238
337,Japan,69.32949474881917,150.2465772905159
338,Japan,60.02301901269015,156.058772562278
339,Australia,83.70969834024534,170.2245587776511
340,Japan,63.02006126732932,150.42801423527737
341,Japan,60.19299444578565,166.99541422655037
342,Japan,58.764843149698045,148.59986006092416
343,Japan,62.61255082968687,153.8326738349646
344,Japan,67.8302749053971,148.2333895247811
345,Australia,82.55370168976232,167.82189305645215
346,Japan,61.64138750763568,169.78744167955736
347,USA,83.3838413515804,190.49411792886093
348,Japan,61.21955300795278,161.00382491449628
349,Australia,89.87521149417682,148.03928199432545
350,Japan,60.2641430627429,146.31781023793653
351,USA,91.68743598246951,173.5595871635559
352,Japan,65.23297385261353,175.80990481871032
353,USA,90.23373982082417,183.5046740043904
354,USA,98.17342884029479,156.5896133202291
355,Japan,53.69540384715356,167.11606295273373
356,Japan,62.80487468236918,156.02662414013506
357,USA,101.30226370829449,181.54779630073662
358,USA,93.3762469053523,183.76249093755064
359,USA,74.91296749684695,178.00510475301746
360,Australia,103.28347141845222,166.8286117093987
361,Australia,82.64104875271799,165.4363716870411
362,Japan,60.83131631746527,147.27281815118326
363,Australia,90.51042887210568,162.35016647688272
364,Australia,79.00832326928804,156.46882771147014
365,Australia,66.74278997206343,172.60769201951373
366,Australia,80.86031598743658,145.0442614116072
367,USA,83.36056373015505,181.71586297841088
368,USA,97.79147013795178,180.09808725294803
369,Japan,56.34768319200641,167.01817684442486
370,USA,103.56372962265718,182.6309864025434
371,Australia,71.19057058514161,158.39069434283186
372,Japan,67.93017608065989,164.5864769631171
373,Japan,45.91255919993957,146.93848026204648
374,USA,99.50606499461712,186.74441705276777
375,USA,101.64701547705499,161.4632547611488
376,Japan,62.453492681880896,148.5743740505546
377,Australia,84.15200439702187,162.85915906243136
378,Japan,53.550199361923916,157.2731825748243
379,Japan,43.58369924040623,146.0775067176852
380,USA,86.70278184515405,168.9859047430794
381,Japan,56.27680564959187,169.22695940845026
382,USA,90.55578825356068,175.83382124355845
383,Australia,88.68599361557439,156.6963339162599
384,Australia,88.66835879078326,158.4801717373389
385,Australia,90.6497312095114,170.17061865307653
386,USA,78.08408609107879,169.3963027910554
387,Australia,70.0880452403558,176.63828103228988
388,Australia,86.57173275803908,141.17634864701213
389,Japan,58.819262940760495,156.0648680752223
390,Australia,74.67993332577824,159.66156101732258
391,Australia,75.05747904410656,172.84896999124956
392,USA,86.23825034013451,153.53284997597154
393,USA,77.83142324879503,189.64839639901138
394,USA,66.96701066328242,182.63667450780602
395,Japan,61.777268849451836,147.5494043357011
396,Japan,72.68445741043665,161.43001280380741
397,Australia,77.58411703401461,158.32480991103267
398,Japan,66.85043259694294,143.7977092561882
399,USA,71.51540960727144,180.31007045403135
400,Japan,55.07825994391132,150.95298400576274
401,Japan,54.607581509618484,146.50155940474124
402,Australia,95.72177857444294,165.750395708467
403,Australia,70.46839276270772,170.61621889931456
404,USA,88.26725292561795,171.2168264051239
405,Australia,77.5300003500138,173.85301730950945
406,USA,74.77544198406457,163.503433261109
407,Australia,80.96483250053599,146.61268128430385
408,Australia,98.00201841382159,148.24210393048733
409,Japan,55.17179534964949,134.42247169767666
410,Australia,71.86855779170621,156.68036123470432
411,USA,100.80068765388859,171.46146382434648
412,Japan,61.14278106262524,149.14390928707994
413,Australia,88.40794822589002,166.69058041788887
414,USA,88.92974230644734,179.87175894720392
415,USA,86.95548681824788,181.50014306880075
416,Japan,61.902065937468365,159.53701190483903
417,Australia,82.54710150719704,163.95973740418694
418,Japan,57.28617061191713,171.033013797592
419,USA,85.71356119513402,176.262311664425
420,Japan,57.641266516147226,135.27417658047847
421,USA,87.74241568209878,180.90083778151438
422,USA,88.01274865033228,178.14262256393857
423,USA,83.26389074561033,172.04155578904496
424,Australia,73.96263363725967,169.28742146557278
425,Australia,93.81492318101245,170.4327367339532
426,Japan,59.73222850055394,134.4662722694982
427,Australia,88.24253364080914,180.95037327970218
428,Australia,71.04959063704524,160.278047218609
429,Japan,63.07567105367915,148.27405459269798
430,Japan,64.72981513944558,144.7184558522216
431,USA,85.65816492818676,165.33367752281188
432,Japan,54.57621203579383,151.89647221020567
433,USA,94.5026469734206,184.21812762494721
434,USA,78.83115535901473,181.11530942213835
435,USA,81.4068452903142,186.74085259688604
436,Australia,87.93011014455855,148.37690255699397
437,Australia,92.23901895878095,153.26045984221122
438,Australia,65.48506206695303,150.3736443306939
439,USA,102.80286547084162,179.01843598424017
440,Japan,67.81210600903493,159.71468822208547
441,Japan,63.58619574540402,153.6404794100213
442,USA,84.51666433137244,172.9223795838194
443,Australia,89.3401640389328,177.89162150258926
444,Australia,72.04643144448166,167.8951397683447
445,Japan,61.08091137141182,131.64971353247861
446,Japan,58.576861180523316,137.66939560075966
447,USA,73.46332529457466,172.46083365773865
448,Japan,58.88427159687408,173.8017082769863
449,Japan,58.85189065539237,166.55956372485142
450,Japan,62.154756035792445,148.32107056750013
451,Australia,80.39685706118978,151.5986780223156
452,USA,79.83056588384495,183.93393257221567
453,Japan,49.6330398772169,152.33622258981686
454,Australia,92.4028021529941,164.07194002907468
455,USA,74.2455286623299,172.13239270091094
456,Australia,90.85738438812295,164.45671422641013
457,USA,83.62559768290866,187.8590444799396
458,USA,79.40253375415736,174.39706529778064
459,Australia,79.66875533037792,171.7370235331979
460,USA,91.04839179798473,174.09843783333142
461,Japan,56.021272288593885,164.22373839818815
462,USA,89.13293985635359,171.39335520946992
463,Australia,79.34533253252975,168.5630107022622
464,Australia,72.74024589580586,156.48943110775795
465,Japan,62.49265823846191,145.70867375249185
466,Australia,69.52588713989327,167.93821965105406
467,USA,117.01527178041724,173.802692579691
468,USA,89.78728947091504,188.1108744759736
469,Japan,55.2502715838688,166.34900035773455
470,Australia,103.69540752733829,176.24046354175644
471,Australia,84.3878234768961,170.6058374717182
472,USA,98.10945334605795,188.60635689832284
473,USA,90.68127223502867,175.28784749137466
474,Australia,81.69907535798629,179.06667261609192
475,Japan,58.9408242928695,120.66214239213986
476,USA,87.31773091855436,162.36761923660484
477,Australia,75.63530422102657,155.12309852633612
478,USA,87.80266899994967,189.97312843772866
479,Australia,75.84396807455845,185.10682837705065
480,USA,83.45174013722273,167.3982961307996
481,Japan,59.53329331321629,128.9609074072053
482,Japan,55.24390284997042,136.93329390047643
483,Japan,59.81909775176439,146.99526226369187
484,USA,80.42804841042648,180.8122188412715
485,Japan,57.554170095190386,151.27043022274245
486,Japan,54.15601936732902,143.03724341013327
487,Japan,60.22580639537818,135.4526323214215
488,USA,88.952448155297,191.32656943573872
489,USA,74.22039204080988,178.20307103603838
490,Australia,91.13056349173249,179.79002130610627
491,USA,86.7266039428569,192.2150011463266
492,USA,98.92337103129618,174.81617891888706
493,Australia,79.77429016754164,163.5477478551346
494,USA,76.6024592188572,180.14715652904806
495,USA,83.76641113788251,174.704431724482
496,USA,76.10731685236101,184.32185342567522
497,Australia,80.84621124399742,178.45409104924852
498,USA,78.43619656233308,194.87376510870425
499,Japan,59.55674967783965,151.06040915462336
500,USA,77.0845069829559,177.4178733894761
501,USA,81.95046624553747,175.23432050952061
502,Australia,102.4118436435204,155.89420500493864
503,USA,96.48507869732674,201.01637990958704
504,Japan,71.002582406474,154.05683690441057
505,Japan,55.644931778836735,122.9289478567556
506,Japan,54.95131370243154,161.12877316356847
507,Japan,51.8206028300956,142.14010355421462
508,Japan,66.93095718333421,167.1851445680672
509,Australia,91.05154985782181,169.6131156347767
510,USA,84.59916718518737,192.55429421634238
511,Japan,54.96330494098708,151.29991754374325
512,USA,97.12426742947595,187.0547636128138
513,USA,84.82588332348466,184.97833712153576
514,USA,91.82166689006874,176.12510360645635
515,Australia,92.32766089925919,166.2146599477083
516,USA,90.643183415177,169.50879417996828
517,Japan,58.162371904970904,157.240197373001
518,Japan,60.425613834648836,145.54567005743908
519,Australia,61.93664513788313,182.1030274991944
520,Australia,77.91262406010362,158.36226558819988
521,Japan,50.58117128286162,121.83510872497038
522,Japan,68.81223767801613,158.96264218974895
523,Australia,88.89963468683294,179.20389864491935
524,Japan,55.37883857444988,167.09095886606227
525,USA,80.05923776164379,179.81019057859186
526,Australia,105.27057008595531,156.4316592886609
527,USA,94.77966311994051,183.55635419342562
528,Japan,50.06006330237405,155.31127899781302
529,Australia,81.22219868121228,151.2218565716139
530,Australia,95.4957879610208,169.54715004717383
531,USA,88.64557685708931,182.66167086050467
532,Australia,87.82203657027614,165.58490060994419
533,USA,83.94122139008884,174.5627571789312
534,Japan,51.14973788713122,139.51335623640657
535,USA,92.0584208750658,188.99369860592708
536,USA,103.22461109851236,183.60051120721064
537,USA,88.62782523996576,174.931191083567
538,Australia,74.99552944713703,170.38425605492782
539,USA,103.89737197511023,185.90619977720456
540,USA,95.42808548386847,186.26528680634945
541,Japan,59.24655487368417,148.3416893788084
542,Australia,80.47641989449727,156.04002510354138
543,Japan,64.34137515456499,147.0662395489713
544,Japan,55.324337032461,147.072442286422
545,USA,86.48421952407435,164.12247249190239
546,Japan,48.66225386714983,143.19846678633544
547,Australia,74.19891332210517,151.94193013014896
548,Australia,84.03672884304484,172.74226919411186
549,Australia,105.8093924245462,171.02312935580818
550,Japan,57.39193747946116,168.58569184713616
551,USA,61.06336265195363,181.11956575353366
552,USA,78.41362122918812,187.55257072865584
553,Japan,48.962458140528355,168.08195884354893
554,Japan,65.03735445264606,137.77988815864137
555,Japan,61.44040502713574,151.86042518825852
556,Japan,55.430437595557066,144.97027046862584
557,USA,100.25619321313349,157.39427377863748
558,Japan,56.12871622610468,151.8653021672889
559,Japan,57.36506953875258,140.78677918414033
560,USA,105.97708103609646,169.8470627026184
561,Australia,84.102862982792,162.0826393535251
562,USA,93.67116374024052,179.4713807195272
563,USA,85.3288666854212,170.5506543049084
564,Australia,90.30970138567378,164.6970535759854
565,Japan,66.55667679391641,145.51293242327299
566,Japan,61.2804844397403,132.81190114217165
567,USA,95.51784703988518,172.12170258169004
568,USA,81.67688651983734,170.85153750502516
569,Australia,90.505785549825,172.2654314911648
570,USA,90.0365163894532,181.79029343477728
571,Japan,60.874174141223264,146.63239829713928
572,Japan,57.347764735282496,157.21176548588036
573,Australia,87.4548986021018,151.25806285262047
574,Japan,54.192145038526405,138.6201557553497
575,Japan,58.99292633096076,172.54673232612186
576,USA,80.72720336356164,185.1871575575802
577,Japan,62.46960460118842,136.15820579833292
578,Japan,61.82426760716194,140.25188977232173
579,Australia,89.63812742599299,149.80355828167245
580,Japan,68.53676332549185,158.2109399978713
581,Japan,61.0014447370324,139.21460528123907
582,Australia,108.97805568877493,155.58013189119856
583,Australia,87.57248014329195,149.74952542760917
584,USA,83.49512046201129,169.91421493509603
585,Japan,57.569843658894484,144.68172264729753
586,Japan,66.90481433983129,141.33070018886724
587,Japan,67.36002598586472,153.1868806577384
588,USA,85.63769217146552,172.88888004526672
589,Japan,55.6122294414907,133.20349120194442
590,Japan,66.11463019460763,150.9334995014436
591,USA,93.21606220424385,180.87468657317808
592,Japan,62.34197089875807,149.64185290174171
593,USA,81.36464715455682,192.7973888927155
594,Australia,94.35927826679941,172.15832817133193
595,Australia,84.87214114469663,160.3524590829403
596,USA,84.70280575691768,179.5652635630649
597,Japan,51.11472599949653,131.88313598658357
598,Japan,54.46011573837231,143.44528142859346
599,USA,75.04377629159441,182.44934207778707
600,Japan,67.75776887327633,144.79480342190823
601,USA,87.7860061051064,178.75837589883795
602,Japan,52.78489133176877,144.94077184236994
603,Australia,85.38791244783286,175.85587708059853
604,Japan,61.51577422836385,153.18419427609257
605,Japan,61.783231973440515,131.96032479822583
606,Australia,79.27114410320382,170.8917056555845
607,Australia,85.52012997870145,150.66038398112022
608,Japan,64.97586832183791,175.63381575397224
609,Japan,59.81334740137352,160.71730688755594
610,Australia,88.68558636708838,160.51993420474656
611,Japan,48.833879282848436,147.98328884124422
612,Japan,53.6857901768931,158.75658724289104
613,USA,87.87892379193391,173.31399861506233
614,Japan,62.80160480432744,157.7002585057624
615,Australia,87.9427933857237,151.55912730163152
616,USA,98.4752933196813,167.35166313479024
617,USA,95.78231837710572,173.5141640561295
618,USA,91.31772073663157,166.35969395926566
619,Japan,61.30240454906411,150.75897704314323
620,USA,99.48430913872261,199.64001730736965
621,Australia,84.4617551135054,147.55288041398234
622,USA,75.14330710131279,194.36853450580458
623,Australia,66.55037255580525,175.24971827998738
624,Japan,53.089910340839495,153.5031266086894
625,Australia,82.64161667458386,167.15077228133708
626,Australia,77.2765192389962,177.14907305338232
627,Japan,65.11519158964661,142.578817098895
628,Japan,63.20435418049983,168.56640606203476
629,Australia,81.14754209710152,175.5404341818774
630,Australia,86.15482274805963,160.813840215167
631,Australia,91.0681625705757,169.95518074201902
632,Australia,85.92398936554878,154.21047760673983
633,USA,85.28335317800811,191.32306537089102
634,Japan,59.402904824552635,148.39821964858538
635,USA,86.14781350173014,180.94234790632387
636,Australia,88.07343609023619,166.47937011846864
637,Australia,89.08207557849084,140.21563250410992
638,USA,92.64729503766607,201.39370537971155
639,USA,71.27879529614245,182.51095063402548
640,Australia,83.66028022232571,175.670626129023
641,USA,105.75525988713585,175.33871790991958
642,USA,99.0545935392768,196.2888252509442
643,Japan,53.29281193097219,159.11590502215108
644,Australia,79.50407268153059,176.526079167597
645,Japan,52.57472364775056,149.0639209729234
646,Japan,55.37862663042251,151.1369200207788
647,Japan,54.6095858391433,173.05081500610822
648,Australia,80.65273937088253,162.3936419729647
649,USA,82.68370565995968,167.33277876649933
650,USA,85.60164295670069,185.39637165074996
651,Australia,87.56682758863013,143.28662795913942
652,USA,84.16766397316034,151.23016551120062
653,Australia,65.88215936821614,170.88144708132816
654,USA,98.16435782040772,175.08929902647867
655,Australia,80.23107629460443,171.7277314916762
656,USA,86.45127020739224,177.62519807626546
657,USA,80.24888052420198,160.21941002614847
658,USA,83.16752186069743,177.9295847279502
659,Australia,81.22704387256549,152.3440869313939
660,Japan,64.19920894864748,145.33908020635033
661,USA,92.34913163871738,171.60194028412593
662,Japan,56.419295513248386,151.58824703195495
663,Japan,64.05615895242222,138.34574335060847
664,Australia,85.86815324572281,174.96262859322056
665,Australia,79.721018534276,163.5619912904216
666,Japan,57.51589252114878,149.5002839063732
667,Australia,80.65902351806683,152.32206579356998
668,USA,90.61451390804616,174.65633531343167
669,Japan,68.21663768846018,147.6568632635983
670,USA,103.07872991060124,182.22797991892608
671,Australia,70.60031085491336,181.17633429770385
672,Australia,109.6690350689347,160.83895067535494
673,USA,94.84379441530758,184.1119261160216
674,Australia,80.66246200134263,160.88823139213991
675,Australia,93.02777855773361,174.13578102853143
676,USA,83.70454869936971,173.5574749374872
677,USA,106.05124639708018,185.66610248318835
678,Japan,55.77484364977174,153.26630261074513
679,USA,87.35198599521232,191.64044155729266
680,Japan,65.93709229289207,154.16798449099505
681,Japan,59.1438244027627,171.13786405907268
682,USA,83.58423771865408,173.45260426913734
683,USA,85.47824289631022,173.29243680452134
684,Japan,66.16941629829174,148.66676628580407
685,Australia,94.89521904589286,159.97214225257525
686,USA,80.94610798906419,169.60465916187758
687,USA,92.68616277317003,192.4727297236327
688,USA,99.01070418080769,181.81783785709766
689,Japan,60.41945127813982,154.20392487850071
690,Australia,90.21443451369342,153.2976098610529
691,USA,94.46232088899126,173.81150580269593
692,USA,89.17222722618459,177.61421192914992
693,Japan,57.53477524451946,148.946826689557
694,Australia,104.37905185413736,169.84653056520278
695,USA,87.51408111765888,181.90427360787345
696,USA,93.18384697675242,172.48051751216195
697,USA,95.45051150599296,178.44339170698643
698,Australia,90.36393668886612,185.42845256376322
699,Japan,56.61805060564142,150.73698388242326
700,Japan,62.522898852442246,160.45973722988785
701,Australia,77.63356419448183,176.9243045814065
702,Japan,39.46173235488802,161.5692581320963
703,USA,87.1627499035169,177.4904139394653
704,Japan,66.32532186468065,167.62037992977213
705,Australia,87.17877196035342,159.13835569761724
706,Japan,60.15056394812413,152.7136579143244
707,USA,89.58750874637782,162.49069797645774
708,Japan,60.00107189559394,146.1449744827124
709,Australia,86.8955765460154,177.24984410302247
710,Australia,77.73657822660326,163.89925474032722
711,Australia,89.50725140710303,166.5950190603789
712,Australia,87.64284951756407,176.9744350082098
713,Japan,71.71810287499049,135.1032457968859
714,Australia,68.5527025547317,137.16695241843595
715,Japan,62.5668756215345,161.59726333576575
716,Japan,52.04082321619384,137.0187052208685
717,USA,85.9750501226054,185.45832987845446
718,Australia,81.23187067668728,165.4017420873694
719,USA,82.34430663600938,184.2452848195293
720,USA,113.77480579610081,175.2930540876898
721,USA,90.52794261930653,183.76786727707184
722,USA,90.41146786051227,159.9722650505753
723,USA,96.42688980470736,182.75955414716927
724,USA,76.94518917077158,181.94821677239185
725,USA,94.90620301630426,186.2611013181515
726,Japan,68.77059790539657,153.0223762177742
727,USA,80.70457568608975,169.46349480168226
728,USA,101.5602049719787,184.54746788256833
729,Japan,66.40952340611295,147.30734994343788
730,Australia,72.23035803359338,171.73566828025318
731,Japan,63.083860269468666,156.22540871794584
732,USA,83.7479553687947,182.14189440006822
733,Japan,62.54878301189841,164.5416637611956
734,USA,79.80091038214402,173.9756241281367
735,Japan,70.71675735691468,152.31386032935558
736,USA,99.3131165159038,170.91699444217664
737,Japan,56.34264778018545,148.24538027619516
738,Australia,96.92582604907206,153.59827586526424
739,Japan,52.42216360321474,134.9694480100254
740,Japan,62.997337549735306,163.946385693281
741,USA,109.94569705106677,176.38258070440304
742,Australia,84.13822891525149,160.696815457932
743,USA,78.9287044263333,165.96476151038217
744,Japan,54.50595123029633,158.0468305665311
745,USA,90.49935548691396,187.68627197263024
746,Japan,58.151363018271,139.68544722592918
747,Japan,54.56851186783174,153.52824050881532
748,USA,89.206258058766,184.83224212967554
749,Australia,85.21575396650944,168.52411967562136
750,Japan,55.0259035601049,154.25836721538104
751,Australia,66.04086556101547,154.33128856255644
752,Japan,65.63821698709484,150.76386370127668
753,Japan,69.09831899871999,162.98500703338482
754,USA,91.74408556258885,172.27191710415312
755,USA,77.28162049715722,163.4194854168103
756,Australia,81.81759768820677,151.08611573412486
757,Australia,75.90325507086848,154.03523509580762
758,Japan,63.02250941589754,142.03394111365623
759,USA,99.33815200369119,184.60435488836615
760,Japan,56.933841771832526,141.7853142427423
761,Japan,50.87583081891581,138.13199411219202
762,Japan,57.85865546236637,162.05025954495468
763,Japan,64.05512123698112,158.9840698047019
764,Australia,96.42819773616411,148.26872358716292
765,Japan,62.75816605445858,137.8013868548011
766,Australia,104.25249120241119,159.5558384845565
767,Japan,57.648249844742566,144.78641227583566
768,Japan,57.92300115467633,137.46580661481602
769,Japan,54.26051164639638,159.91195857357275
770,USA,89.26461334981171,185.4051599533505
771,Japan,62.046209305782234,150.97280951505238
772,Japan,61.69041644676496,126.93533472764167
773,USA,92.43990098441606,182.53103457170135
774,Japan,53.99481970129118,159.9325653950127
775,Australia,94.85214911555322,174.19108753172287
776,Australia,75.24667273598246,181.09187122764337
777,USA,91.98342052068459,179.9664559170953
778,Japan,55.49226050116508,145.77154470161997
779,Japan,55.069896385225604,160.42170952043367
780,USA,90.09252912028816,184.1692712746088
781,Japan,63.009366853312585,162.5337918713244
782,USA,91.54012200773491,178.91291630960754
783,USA,91.93142162484413,156.153634221702
784,USA,72.69638118787145,183.8958833089914
785,Australia,85.14491736166876,168.78158806658035
786,Japan,54.25600758818817,147.10942541928873
787,Australia,83.7531355822483,152.77224498588475
788,USA,88.22875397356906,183.98073270153222
789,Australia,86.287405798062,175.1696368505508
790,Australia,96.07501202600356,143.1524486441116
791,Australia,98.79925516544378,168.41469648377276
792,Japan,65.34079223551744,164.9397126263431
793,USA,80.40953258334412,175.10438677309554
794,Japan,60.98365174107036,147.2751989913496
795,Australia,85.4954889350787,160.83181094357528
796,USA,97.81920699786991,177.31818582902434
797,Japan,56.85478991309846,151.25548311625465
798,Australia,87.528115583353,163.13455709911486
799,USA,86.07261614405279,207.52361881497083
800,USA,94.19599201128635,182.8063784294899
801,Japan,53.69830581047587,147.05578333088363
802,Japan,66.57737024279183,133.3762019972525
803,Japan,69.61458323521623,130.16934699285264
804,Australia,66.02148327749234,168.04852791429616
805,Japan,60.37772656586445,138.8523970481339
806,USA,91.27691221473935,184.1404572579608
807,Japan,59.67594843392064,144.32729825770764
808,USA,87.55255344871246,170.9172304857577
809,Japan,57.7970504895921,148.09834947339618
810,Australia,95.878863982202,174.1566463799613
811,Australia,84.73352145657232,149.91083923114127
812,Australia,91.90865013375097,163.96453459573544
813,USA,107.2678399098452,174.26574250520918
814,Japan,58.82334097695015,159.0274324995786
815,USA,89.28966527136053,174.80986029297378
816,USA,81.94779662326947,192.37614689250668
817,USA,81.30284080673133,183.8822980042424
818,Australia,77.70819033509288,161.16982171245326
819,Japan,57.70580335157361,150.12205439635997
820,USA,91.60346847622567,174.1505060619499
821,Australia,95.43635577507669,185.8475088886047
822,Australia,83.40979196243129,171.08425722431718
823,USA,92.11250930206317,197.25919564725896
824,Japan,62.7627191239566,148.02697427736544
825,USA,92.27839810965698,175.62194122238918
826,USA,83.87196434229622,182.0840081963851
827,Australia,93.10130042041361,174.8734053969301
828,Japan,59.54852047118271,156.31088093729124
829,Japan,63.21611188867752,154.8754541968284
830,USA,85.70510534394465,162.95848134599657
831,Australia,72.68544891710997,158.79232467837573
832,Australia,85.17959168246122,169.1735522784936
833,Japan,57.30720272122865,161.93928796541522
834,USA,109.04141062166012,167.91126624252416
835,USA,89.47457529360098,172.68450399883753
836,USA,91.70528165640981,190.0945505694008
837,Australia,73.75918742499357,170.68841756658432
838,USA,75.24158984776011,207.39488666229352
839,USA,102.85328702817425,179.12447265478545
840,USA,81.78029650120038,182.21090263310919
841,USA,81.53870741470016,190.95377148099612
842,Australia,80.97082827915848,151.95387466006525
843,Australia,75.99599318222701,159.89866429852137
844,Japan,62.332428804915665,137.2577525964682
845,Australia,93.63900728944657,164.51407890847983
846,USA,85.78471162091249,190.8341669375141
847,USA,95.71900958956479,157.99148575430993
848,Japan,66.73381601169925,131.49704938325513
849,Japan,56.45032498196196,133.44588436795465
850,USA,109.64092852625457,173.8278816660002
851,USA,87.9154720157105,181.8635537332647
852,Australia,85.89767419841125,181.89969346886085
853,Australia,93.55218168604476,166.61733761169057
854,Japan,58.89535400077676,179.54591637031842
855,Australia,86.2884207078045,168.06225440258007
856,Japan,48.77529340544592,155.74489847963596
857,USA,69.28326463786797,177.49239834001804
858,Australia,80.74972435117935,161.77243854853177
859,Australia,86.64896936679595,166.534876404845
860,Australia,76.0878048521504,148.1307721526922
861,Australia,71.63383823088242,172.3277692885727
862,Japan,61.526197467356226,148.3838774754306
863,Australia,79.19058945619939,149.00994087717476
864,Australia,82.96708601438496,169.9959133530107
865,Japan,59.49484417854482,148.85165917462757
866,Japan,64.32521414305481,147.55723761845434
867,Australia,84.11159165766627,157.4101923747821
868,Japan,70.68055734592733,147.180602228642
869,Australia,74.43766007236707,159.6260766947748
870,Japan,54.64251113644082,153.86257920861888
871,Australia,91.06978764414097,159.08963173137508
872,Australia,68.25126320974864,176.5071903324822
873,USA,105.83492525955975,175.4299887515089
874,Australia,82.46152003491142,162.45442427408636
875,USA,98.13410604209469,166.49498384166918
876,Japan,60.554661057745385,158.89746594372693
877,Australia,76.65543635646614,167.1899912639816
878,Australia,88.5470830663869,157.06406358019603
879,Japan,64.78414304562233,140.90174136089507
880,Australia,84.46773682403068,167.45343804336275
881,USA,87.1137323890373,191.9942151983725
882,Japan,54.31718353864238,154.41855580990548
883,Australia,73.96650214134857,152.00752258017036
884,Australia,85.89403508948169,157.5606523096617
885,Australia,79.89247965683262,165.9690040769906
886,Japan,62.51406297016602,151.5992688125813
887,Japan,53.43371802394679,150.34743489884517
888,Japan,58.369433584694235,127.18953119130899
889,USA,98.61551088586278,189.21759578211788
890,USA,92.98928140737529,185.81189049317783
891,USA,98.24471117697955,184.74933894212705
892,Japan,57.986630152730626,157.3246726942035
893,USA,94.19248488848622,177.62203962995278
894,Japan,63.56702212736379,142.98856048609068
895,Japan,69.04865448328076,145.87206937585077
896,USA,108.96538188592235,186.13219798311627
897,Australia,95.71611033708703,177.76808657753418
898,USA,79.12285239661445,178.5835127626542
899,USA,74.64949117436959,177.94046561084855
900,USA,96.26178210308595,191.1478533473392
901,USA,91.06716081258499,168.29378463172839
902,USA,84.8030655679701,208.732837862041
903,USA,78.81647820206155,185.89541832054397
904,Australia,102.0923965509325,174.86793538568432
905,USA,86.25349649262017,180.98317541732698
906,Australia,101.81363972811101,162.7705112961993
907,Japan,58.65131790399347,141.30411055140593
908,Australia,68.11109108040421,149.61851030452095
909,Japan,73.80533602759785,137.1581970723749
910,Australia,91.00918761477823,160.8319480875539
911,USA,87.01513364754479,172.33188918750938
912,USA,97.63686701708293,191.54419800362737
913,Australia,77.48608601996243,170.13393329512337
914,USA,89.86375568981447,191.87247962582435
915,Japan,56.4954716083113,145.95106949696384
916,USA,101.22892039727472,189.87513319582968
917,Australia,103.25096495003929,177.46998954509877
918,Japan,61.255156558139355,149.38374574960548
919,Australia,95.92033910643931,166.80803525609153
920,USA,92.45286721238921,163.49721578120332
921,Japan,64.2870729443238,144.76666646934018
922,Australia,76.60798379043013,158.96564654134286
923,Australia,84.86550278953779,139.2705061899098
924,Japan,69.246670500812,162.8129232263588
925,Australia,87.70535669074617,169.5499744211235
926,Australia,66.96906906707815,172.0724181450427
927,Australia,89.11377957200946,145.51255442951077
928,USA,80.37458600139308,187.08811190019742
929,Australia,83.27341911236697,180.25616311518166
930,Japan,60.138181068067425,161.9828928760772
931,Australia,78.78081602572561,153.57637860308702
932,Australia,73.3486110645483,174.1899039884843
933,Japan,61.71428341172985,147.61864042805954
934,Japan,61.36684857879209,149.76788064960357
935,USA,95.59470531795644,191.93677861288126
936,Japan,52.653714664789916,128.79240592152837
937,Australia,108.30060397222634,146.94859556099163
938,Australia,93.61579324761995,176.38080784513434
939,Australia,88.10160791960907,154.49792269080694
940,Australia,87.59799633442844,161.3189190692694
941,USA,88.80036575091441,183.81519838084142
942,Japan,66.5755113974709,151.5550464556154
943,USA,104.26227447330373,171.10205181024364
944,USA,91.4868990355092,183.66747172746787
945,Australia,71.43065677891391,166.49608477885712
946,USA,91.5933658129817,162.6560945853252
947,Australia,93.35666006697744,142.07641694763336
948,Australia,78.50969561359227,173.56136576595475
949,USA,71.5846941345596,174.0251789679191
950,Australia,83.97452820558514,149.8476525049205
951,Japan,45.18353899249289,150.46041960294605
952,USA,104.5903221591323,180.2747814521568
953,Australia,69.53710629102962,166.55656868136646
954,Japan,66.32025070637332,152.19424409377643
955,Japan,64.39536389609812,144.0583206948405
956,Australia,98.32283918960813,161.34690239038846
957,Japan,66.06138627523043,149.17324924103667
958,Australia,93.55608617523298,150.5792155682738
959,Australia,92.64300006189563,152.58789637564794
960,Australia,96.42561516411274,173.3901943995848
961,Japan,62.905654302573524,141.5153952303799
962,Australia,81.79686772834907,167.58831999719663
963,Japan,54.27003177404318,153.64507157072714
964,Australia,75.1858681921044,181.32873097873423
965,USA,88.23772789833377,181.5071840135978
966,Japan,62.93705701756407,149.12179443872415
967,Japan,59.695392926299704,142.86026699838635
968,Australia,80.1804447671784,160.05041879634393
969,Japan,53.601440183891455,142.81194287596176
970,USA,88.45008716440671,174.26488042358756
971,Australia,89.27545067913924,171.245212266787
972,Japan,57.25959617113411,159.40094660659906
973,USA,91.27870828990737,175.88745515258995
974,USA,83.53970776073379,172.88708898237866
975,Japan,53.63804702053753,138.40539236235222
976,USA,85.1115254998924,170.84095599958394
977,Australia,82.5098621396112,178.77245824515285
978,Japan,63.10941064132383,159.26409282765545
979,USA,78.15911278316418,165.86429071932798
980,Japan,59.11920878928622,148.47230871226296
981,USA,93.4960664432186,182.18808196914188
982,USA,101.72225217799658,169.81161738767491
983,USA,90.55421374924452,185.201425063961
984,USA,87.54354088394761,167.80546810796545
985,USA,102.56638983698363,172.7023184025354
986,Australia,87.52245693264288,150.9211658424337
987,Japan,58.98910508329973,146.8301973336014
988,Australia,85.23155615689765,155.38245508654856
989,Australia,95.23504210845296,159.3890788956432
990,USA,80.68646396284743,174.63638594287974
991,Australia,82.47610144506814,171.04531180481433
992,USA,97.11897760881081,197.65927947195544
993,USA,82.69532077928726,186.4581939918312
994,USA,92.59423957846259,164.17288186899242
995,Australia,78.4250725272673,144.42506418682143
996,Australia,105.29912039473771,156.6098494698429
997,Japan,59.48371807166085,156.9356451523078
998,Japan,65.07080522095727,158.70973858396428
999,Japan,56.16528314775398,149.6431035038214
